

mysql> select * from Account;
+----+-----------------+----------+---------------------+------------+
| id | email           | password | createdOn           | modifiedOn |
+----+-----------------+----------+---------------------+------------+
|  1 | buddy@gmail.com | buddy123 | 0000-00-00 00:00:00 | NULL       |
+----+-----------------+----------+---------------------+------------+
1 row in set (0.00 sec)

mysql> select * from AddressBook;
+----+-----------+-------------------+---------------------+------------+
| id | accountId | name              | createdOn           | modifiedOn |
+----+-----------+-------------------+---------------------+------------+
|  1 |         1 | gmail addressbook | 0000-00-00 00:00:00 | NULL       |
+----+-----------+-------------------+---------------------+------------+
1 row in set (0.00 sec)


mysql> select * from Entry;
+----+---------------+-----------+----------+---------------------+------+---------+-----------------+----------------+------------------+-----------------+-----------------+
| id | addressBookId | firstName | lastName | birthday            | type | subtype | contentLineOne  | contentLineTwo | contentLineThree | contentLineFour | contentLineFive |
+----+---------------+-----------+----------+---------------------+------+---------+-----------------+----------------+------------------+-----------------+-----------------+
|  1 |             1 | John      | Smith    | 0000-00-00 00:00:00 | home | phone   | 514-555-1212    | NULL           | NULL             | NULL            | NULL            |
|  2 |             1 | Chris     | Adams    | 0000-00-00 00:00:00 | work | address | 12 Pine Ave     | NULL           | NULL             | NULL            | NULL            |
|  3 |             1 | Terry     | Oreily   | 0000-00-00 00:00:00 | work | email   | terry@yahoo.com | NULL           | NULL             | NULL            | NULL            |
+----+---------------+-----------+----------+---------------------+------+---------+-----------------+----------------+------------------+-----------------+-----------------+
3 rows in set (0.00 sec)
